row.id,pub.date,study.name,organism.grp,functional.grp,scale.grp,crop.grp,region,samp.unit,Cont_Mean,Treat_Mean,Cont_n,Treat_n,Cont_SD,Treat_SD,pooled.sd,hedges.g,samp.var,logRR,logRR.var,num.habitats,mean.field.size,sd.field.size,median.field.size,field.cov,forest.cov,pasture.cov,wetland.cov,water.cov,urban.cov,rural.cov,line.cov
1,2003,Aude,Plants,Producer,Farm,Unspec,NEurope,plants.per.10msq,28.8,38.7,13,13,3.97,5.76,4.946640274,1.9382,0.2321,0.295464213,0.003165721,12.8102482,120.8333333,127.6701254,90.5,0.725580464,0.096076862,0.121497198,0,0,0,0.017614091,0.039231385
2,1995,BTO1995,Arth,Other,Farm,Unspec,WCEurope,,22.5,28.5,2,2,2.12,6.36,4.740464112,0.723256489,1.130774987,0.236388778,0.029338637,14.41441441,114.2758621,97.6070462,67,0.663463463,0.148148148,0.072072072,0,0.002402402,0.015815816,0.057057057,0.041041041
3,1995,BTO1995,Arth,Pred,Farm,Unspec,WCEurope,,22.38,20.85,7,8,4.14,3.98,4.054630781,-0.355149477,0.272708341,-0.070813755,0.009443322,14.41441441,114.2758621,97.6070462,67,0.663463463,0.148148148,0.072072072,0,0.002402402,0.015815816,0.057057057,0.041041041
4,1996,Christensenetal.1996,Birds,Other,Farm,Mixed,NEurope,num.breeding.birds,1.91,3.06,4,4,2.55,1.48,2.08481414,0.479659064,0.519172735,0.471311674,0.504090454,8.280757098,187.8947368,125.3660838,177,0.703864353,0.02681388,0.037657729,0,0,0.057176656,0.116522082,0.0579653
5,2001,Dolesetal.2001,Arth,Decomp,Field,Orchard,NAmerica,num.sp.per.yr,24.7,27.7,3,3,3.21,4.58,3.954775594,0.606861235,0.712701736,0.11462917,0.01474259,8.638007232,184.3636364,161.8378217,128,0.814785054,0,0.060466051,0,0,0,0.091201286,0.03354761
6,1995,Drinkwateretal.1995,Arth,Pred,Farm,Veg,NAmerica,num.sp.per.1.5msq,12.7,24.9,14,17,10.1,16.9,14.25856065,0.833305649,0.142224485,0.67326581,0.072273233,4.809619238,344.8461538,212.2262339,303,0.898396794,0,0,0.064529058,0,0,0,0.037074148
7,1995,Drinkwateretal.1995,Arth,Pred,Farm,Veg,NAmerica,num.sp.per.1.5msq,8.6,12.6,14,17,5.23,7.01,6.27482463,0.620838414,0.136897624,0.381934611,0.044624012,4.809619238,344.8461538,212.2262339,303,0.898396794,0,0,0.064529058,0,0,0,0.037074148
8,1998,Feberetal.1998,Arth,Pred,Farm,Cereal,WCEurope,num.sp.per.month,4.61,5.87,6,6,0.5,0.45,0.47565744,2.445198636,0.632283152,0.241626777,0.002940075,10.42637874,160.28,124.5266103,130,0.803432685,0.026065947,0.083812045,0,0,0,0.017845148,0.068844176
9,1982,DritschiloAndErwin1982,Arth,Pred,Farm,Cereal,NAmerica,num.sp,7.2,12,5,5,2.39,3.67,3.096853242,1.399964265,0.522493746,0.510825624,0.040744228,7.607607608,228.8333333,179.235714,170,0.824624625,0.032032032,0.025225225,0,0,0,0.043643644,0.074474475
10,1980,DritschiloAndWanner1980,Arth,Pred,Farm,Cereal,NAmerica,num.sp,4.63,8,8,8,1.6,1.6,1.6,1.991363636,0.39162604,0.546884674,0.019927531,7.009813739,240.7647059,256.8079364,138,0.819747647,0.014820749,0.028840377,0,0,0.037452433,0.023232526,0.075906269
11,1994,FluetschAndSparling1994,Birds,Other,Farm,Orchard,NAmerica,num.sp,8.5,18,3,3,0.71,7.07,5.02439051,1.512621279,0.952669558,0.750305594,0.053750515,6.816359262,247.6,175.5040903,218,0.744587009,0.122293504,0,0,0,0,0.107257418,0.025862069
12,1997,Foissner1997,Protozoa,Decomp,Farm,Grass,WCEurope,num.sp,28.5,29.5,2,2,2.12,0.7,1.578670327,0.361968273,1.032755258,0.034486176,0.003048164,13.78896882,113.962963,73.55922861,93,0.614908074,0.084132694,0.07793765,0,0,0.06235012,0.130095923,0.03057554
13,1997,Foissner1997,Protozoa,Decomp,Farm,Grass,WCEurope,num.sp,75,70.5,2,2,1.41,16.26,11.54070405,-0.222813839,1.012411502,-0.061875404,0.026773732,13.78896882,113.962963,73.55922861,93,0.614908074,0.084132694,0.07793765,0,0,0.06235012,0.130095923,0.03057554
14,1993,Hesleretal.1993,Arth,Other,Farm,Cereal,NAmerica,num.sp.per.samp.date,13,12.67,3,3,4.36,1.53,3.267300109,-0.080800658,0.66748276,-0.025712363,0.042355087,6.617204732,250.2941176,186.0116813,210,0.853218368,0,0.010026068,0,0,0,0.02807299,0.108682575
15,1999,Granqvist1999,Plants,Producer,Farm,Cereal,NEurope,num.sp.per.transect,37.9,39.1,8,8,7.9,7.6,7.751451477,0.146365549,0.250765103,0.031171355,0.010153702,8,173.25,164.8391135,110,0.5544,0.279,0.0762,0.016,0,0,0.053,0.0214
16,1999,Granqvist1999,Plants,Producer,Farm,Grass,NEurope,num.sp.per.transect,9.1,7.5,8,8,2.7,2.9,2.801785145,-0.539915516,0.260411027,-0.193371393,0.029692995,8,173.25,164.8391135,110,0.5544,0.279,0.0762,0.016,0,0,0.053,0.0214
17,1986,HokkanenAndHolopainen1986,Arth,Pred,Field,Veg,WCEurope,num.sp,18,27.8,4,3,6.74,6.9,6.804451484,1.212828337,0.730428591,0.434664263,0.055586812,7.577268195,188.5294118,158.5926849,135,0.639082752,0.07337986,0.01335992,0,0,0.209172483,0.043270189,0.021734796
18,1989,Kromp1989,Arth,Pred,Plot,Cereal,WCEurope,num.sp,39.5,47.07,2,3,1.07,1.11,1.096828762,5.019429409,5.032445266,0.175335184,0.000552265,6.99720112,239.5263158,201.9511405,212,0.909836066,0.056577369,0,0,0,0.008396641,0,0.025189924
19,2002,Maederetal.2002,Arth,Pred,Plot,Cereal,WCEurope,num.sp,24,27.5,21,21,2.83,2.12,2.500329978,1.373403628,0.118816064,0.136132174,0.000945112,11.98083067,137.3333333,104.7733233,127.5,0.658146965,0.067092652,0.068889776,0,0,0.106629393,0.043929713,0.055311502
20,2002,Maederetal.2002,Plants,Producer,Plot,Cereal,WCEurope,num.sp,1,10,21,21,0,1.41,,,,,,11.98083067,137.3333333,104.7733233,127.5,0.658146965,0.067092652,0.068889776,0,0,0.106629393,0.043929713,0.055311502
21,2002,Maederetal.2002,Microbes,Decomp,Plot,Cereal,WCEurope,Soil.microbial.FD.Shannon.H,4.14,4.2,21,21,0.03,0.026,0.028071338,2.097082981,0.150210058,0.014388737,4.33E-06,11.98083067,137.3333333,104.7733233,127.5,0.658146965,0.067092652,0.068889776,0,0,0.106629393,0.043929713,0.055311502
22,2001,Salonenetal.2001,Plants,Producer,Field,Cereal,NEurope,num.sp,47.33,49.87,15,15,9.01,9.16,9.085309571,0.272016196,0.134654634,0.052275276,0.004665098,7.197121152,196.1764706,217.0789705,157,0.666733307,0.2485006,0,0,0,0,0.051179528,0.033586565
23,2000,Weibulletal.2000,Arth,Poll,Farm,Mixed,NEurope,num.sp,17.63,17.25,8,8,2.5,2.86,2.686037974,-0.13375564,0.250638949,-0.021789853,0.005949623,8,173.25,164.8391135,110,0.5544,0.279,0.0762,0.016,0,0,0.053,0.0214
24,1994,Morebyetal.1994,Plants,Producer,Farm,Cereal,WCEurope,num.sp,3.42,11.28,28,28,2.94,2.94,2.94,2.636165164,0.13577456,1.193390695,0.028818891,8.201640328,225.9375,201.578593,191,0.723144629,0.070614123,0.082416483,0,0,0.055611122,0.015403081,0.052810562
25,1997,Yeatsetal.1997,Protozoa,Decomp,Field,Grass,WCEurope,num.sp,27.3,28.6,3,3,1.76,4.85,3.648294122,0.285064736,0.676824405,0.046520016,0.010971251,12.21465759,116.2857143,84.89857005,107,0.651982379,0.127753304,0.170004005,0,0,0,0,0.050260312
26,1997,PfiffnerAndMaeder1997,Earthworms,Decomp,Plot,Veg,WCEurope,num.sp,4.88,5.69,4,4,0.75,0.52,0.645329373,1.091454775,0.599272794,0.153565028,0.007993001,11.98083067,137.3333333,104.7733233,127.5,0.658146965,0.067092652,0.068889776,0,0,0.106629393,0.043929713,0.055311502
27,1996,PfiffnerAndNiggli1996,Arth,Pred,Plot,Cereal,WCEurope,num.sp,14.67,20,3,3,3.82,5.09,4.500027778,0.947549707,0.778897972,0.309927681,0.044191999,11.98083067,137.3333333,104.7733233,127.5,0.658146965,0.067092652,0.068889776,0,0,0.106629393,0.043929713,0.055311502
28,1990,Kromp1990,Arth,Pred,Plot,Veg,WCEurope,num.sp,28.5,33,2,2,4.95,5.66,5.316864678,0.483636264,1.058476009,0.146603474,0.029791826,8.771929825,174.7727273,131.0579413,152.5,0.766547049,0.134968102,0.022129187,0,0,0,0.04585327,0.030502392
29,1995,YounieAndArmstrong1995,Arth,Pred,Plot,Grass,WCEurope,num.sp,13.5,14.5,2,2,3.54,3.54,3.54,0.1614205,1.006514144,0.071458964,0.064181912,8.808808809,165.6315789,133.5653026,128,0.63003003,0.315915916,0.02042042,0,0,0,0,0.033633634
30,2010,CaballeroLopezetal.2010,Plants,Producer,Farm,Cereal,SEurope,num.sp,3.07,8.24,4,4,0.911,1.06,0.988311945,4.548819022,2.224312875,0.987322782,0.026151166,18.57340447,43.34210526,41.91450521,27,0.352104327,0.333135744,0.255285517,0,0,0,0,0.059474412
31,2010,Diekotteretal.2010,Arth,Pred,Farm,Cereal,WCEurope,num.sp,21.36,23.69,3,3,0.54,2.53,1.829275813,1.018982478,0.796457328,0.103533004,0.004014845,10.19796041,146.0869565,106.3407529,115,0.671865627,0.097380524,0.039792042,0,0.024195161,0.132773445,0,0.033993201
32,2010,Diekotteretal.2010,Arth,Pred,Farm,Cereal,WCEurope,num.sp,22.35,19.68,3,3,2.08,1.54,1.830027322,-1.167195688,0.836959889,-0.127223429,0.004928151,10.19796041,146.0869565,106.3407529,115,0.671865627,0.097380524,0.039792042,0,0.024195161,0.132773445,0,0.033993201
33,2010,Diekotteretal.2010,Arth,Pred,Farm,Cereal,WCEurope,num.sp,21.86,21.69,6,6,1.31,2.04,1.71430744,-0.091537301,0.333752287,-0.007807158,0.002072851,10.19796041,146.0869565,106.3407529,115,0.671865627,0.097380524,0.039792042,0,0.024195161,0.132773445,0,0.033993201
34,2003,DORING03Reckenfeld,Arth,Pred,Field,Cereal,WCEurope,num.sp,30.722,38.091,8,6,4.1,5.552,4.759144881,1.449554168,0.37921697,0.214999023,0.005767087,7.011217949,212.9411765,191.3029242,163,0.725160256,0.163661859,0,0,0,0.071514423,0.025641026,0.014022436
35,2003,DORING03Reckenfeld,Plants,Producer,Field,Cereal,WCEurope,num.sp,11.004,28.041,8,6,8.011,8.398,8.174476879,1.951137932,0.450289135,0.935408882,0.081198502,7.011217949,212.9411765,191.3029242,163,0.725160256,0.163661859,0,0,0,0.071514423,0.025641026,0.014022436
36,2003,HUTTON03,Arth,Decomp,Farm,Grass,WCEurope,num.sp.per.trap,11.5,15.75,4,4,1.290994,1.892969,1.620184734,2.281006664,0.933582617,0.31449333,0.006761916,16.84717208,99.57894737,67.31315745,101,0.75892499,0.022663458,0.087043722,0,0,0,0.017047734,0.114320096
37,2003,HYVONEN03,Plants,Producer,Farm,Cereal,WCEurope,num.sp.per.trap,40.65,46.6,62,43,1.6,1.95,1.751185451,3.372897678,0.094610277,0.136601705,6.57E-05,7.212532762,214.9669118,NA,NA,0.595598725,0.320217144,0.022438403,0,0.002696764,0,0.036416533,0.022632432
38,2003,IRMLER03,Arth,Pred,Farm,Mixed,WCEurope,num.sp.per.10.trapping.days,24.62427318,32.43452498,27,5,15.98097238,23.88892767,17.24616082,0.441452145,0.240285037,0.27549077,0.124094309,13.46733668,113.09375,86.71546328,83.5,0.727437186,0.007035176,0.018492462,0,0.004020101,0.048643216,0.055075377,0.139296482
39,2003,WEIBULL.etal03,Plants,Producer,Farm,Mixed,WCEurope,num.sp,23,25.25,8,8,5.903,8.048,7.057468137,0.301421514,0.253244819,0.09333194,0.020932607,8,173.25,164.8391135,110,0.5544,0.279,0.0762,0.016,0,0,0.053,0.0214
40,2003,WEIBULL.etal03,Plants,Producer,Farm,Mixed,WCEurope,num.sp,38.5,36.375,8,8,10.623,10.555,10.58905458,-0.189732794,0.251285662,-0.056776516,0.020041585,8,173.25,164.8391135,110,0.5544,0.279,0.0762,0.016,0,0,0.053,0.0214
41,2003,WEIBULL.etal03,Arth,Poll,Farm,Mixed,WCEurope,num.sp.per.transect,7,6.75,8,8,2.536,3.654,3.14507647,-0.075153542,0.250201716,-0.036367644,0.05303659,8,173.25,164.8391135,110,0.5544,0.279,0.0762,0.016,0,0,0.053,0.0214
42,2003,WEIBULL.etal03,Arth,Poll,Farm,Mixed,WCEurope,num.sp.per.transect,4.125,7.375,8,8,3.044,3.335,3.192817016,0.962387527,0.283078205,0.581029882,0.093630307,8,173.25,164.8391135,110,0.5544,0.279,0.0762,0.016,0,0,0.053,0.0214
43,2003,WEIBULL.etal03,Arth,Pred,Farm,Mixed,WCEurope,num.sp.per.trap,10.125,10,8,8,4.673,4.208,4.446582564,-0.026578123,0.250025228,-0.01242252,0.048760422,8,173.25,164.8391135,110,0.5544,0.279,0.0762,0.016,0,0,0.053,0.0214
44,2003,WEIBULL.etal03,Arth,Pred,Farm,Mixed,WCEurope,num.sp.per.trap,10.375,9.25,8,8,3.502,4.131,3.829436316,-0.277752723,0.252755235,-0.114775515,0.039172681,8,173.25,164.8391135,110,0.5544,0.279,0.0762,0.016,0,0,0.053,0.0214
45,2003,WEIBULL.etal03,Arth,Pred,Farm,Mixed,WCEurope,num.sp.per.trap,1.035,0.949,8,8,0.084,0.069,0.076866768,-1.057792505,0.289961607,-0.086747907,0.001484165,8,173.25,164.8391135,110,0.5544,0.279,0.0762,0.016,0,0,0.053,0.0214
46,2003,WEIBULL.etal03,Arth,Pred,Farm,Mixed,WCEurope,num.sp.per.trap,0.898,0.86,8,8,0.388,0.362,0.375225266,-0.095748544,0.250327421,-0.043237679,0.04548348,8,173.25,164.8391135,110,0.5544,0.279,0.0762,0.016,0,0,0.053,0.0214
47,2003,WEIBULL.etal03,Arth,Pred,Farm,Mixed,WCEurope,num.sp.per.trap,0.991,0.809,8,8,0.166,0.362,0.281602557,-0.611048171,0.263334995,-0.202915617,0.028535577,8,173.25,164.8391135,110,0.5544,0.279,0.0762,0.016,0,0,0.053,0.0214
48,2003,WEIBULL.etal03,Arth,Pred,Farm,Mixed,WCEurope,num.sp.per.trap,20.75,15.375,8,8,7.324,4.867,6.218065013,-0.817266814,0.273854466,-0.299803433,0.028098648,8,173.25,164.8391135,110,0.5544,0.279,0.0762,0.016,0,0,0.053,0.0214
49,2003,WEIBULL.etal03,Arth,Pred,Farm,Mixed,WCEurope,num.sp.per.trap,16.5,14.375,8,8,5.606,5.289,5.449805363,-0.3686537,0.25485377,-0.137869794,0.031351002,8,173.25,164.8391135,110,0.5544,0.279,0.0762,0.016,0,0,0.053,0.0214
50,2003,WEIBULL.etal03,Arth,Pred,Farm,Mixed,WCEurope,num.sp.per.trap,12.25,12,8,8,3.24,4.276,3.793532391,-0.062307004,0.250138649,-0.020619287,0.024616037,8,173.25,164.8391135,110,0.5544,0.279,0.0762,0.016,0,0,0.053,0.0214
51,2005,BITHELL05,Earthworms,Decomp,Field,Grass,NZ-Australia,num.sp,3,2,6,6,9.797,7.348,8.659512486,-0.10659687,0.333901478,-0.405465108,4.027142463,7.988815658,215.5789474,191.0149255,174,0.818054723,0.02037148,0.02037148,0,0,0,0.048532055,0.092670262
52,2005,CLOUGH05,Arth,Pred,Field,Cereal,WCEurope,num.sp,0.4039939,0.4033011,21,21,0.1736281,0.1616456,0.167743878,-0.004052179,0.0952383,-0.001716349,0.016445507,11.96141269,131.9840463,105.5029673,98.66666667,0.678165966,0.134993263,0.01179852,0,0.0019996,0.06072449,0.056827842,0.055490318
53,2005,Purtauf,Arth,Pred,Field,Cereal,WCEurope,num.sp.per.trap,20.41,18.95,12,12,5.49,4.96,5.23171578,-0.269444143,0.16831667,-0.074221045,0.011738494,9.08723748,185.0526316,167.7645419,129,0.710016155,0.209006462,0,0,0,0.018982229,0.011308562,0.050686591
54,2005,SCHMIDT05,Arth,Pred,Field,Cereal,WCEurope,num.sp.per.trap,16.65,13.089,12,12,3.774,3.389,3.586669555,-0.958607099,0.187551384,-0.240638034,0.009868099,9.08723748,185.0526316,167.7645419,129,0.710016155,0.209006462,0,0,0,0.018982229,0.011308562,0.050686591
55,2006,GENGHINI06,Birds,Other,Farm,Orchard,SEurope,num.sp.per.100ha,0.4,0.68,26,15,0.24,0.23,0.236458919,1.161219234,0.122415771,0.530628251,0.021473028,11.99280432,129.5185185,123.7877745,82,0.698980612,0.040975415,0.047371577,0,0,0.044973016,0.113931641,0.053767739
56,2006,PETERSEN06,Plants,Producer,Plot,Mixed,NEurope,num.sp.per.0.1msq,14.028,20.251,60,60,4.4541495,8.9090735,7.043118571,0.877929712,0.036599268,0.367148843,0.004905977,9.379365396,175.1666667,108.6490573,147.5,0.629215725,0.160247456,0.114747555,0,0.041508681,0,0.021353023,0.032927559
57,2006,RUNDLOF06,Arth,Poll,Farm,Cereal,NEurope,num.sp.per.transect,1.401459854,1.614963504,6,6,0.120686538,0.160915385,0.14223045,1.385640646,0.429333333,0.141797912,0.002890659,7.604562738,218.2857143,185.8222653,209,0.91735041,0,0,0,0,0,0.058635181,0.024014409
58,2006,RUNDLOF06,Arth,Poll,Farm,Cereal,NEurope,num.sp.per.transect,0.306569343,0.903284672,6,6,0.040228846,0.107276923,0.0810145,6.798957623,2.644624571,1.080593784,0.005220678,11.3931641,120.4545455,72.76100949,113.5,0.529682191,0.240855487,0.184489306,0,0,0,0.010793524,0.034179492
59,2006,VAN.DIEPENINGEN06,Microbes,Decomp,Farm,Mixed,WCEurope,num.sp,43.43,49.75,14,14,6.1,8.13,7.187033463,0.853748958,0.156874206,0.135860017,0.003316643,10.20575288,170.2301587,130.1669527,129.5,0.816966606,0.051753913,0.01294222,0,0.004867401,0.012012294,0.040827839,0.060629727
60,2006,VAN.DIEPENINGEN06,Nematodes,Decomp,Farm,Mixed,WCEurope,num.sp,22.43,24.845,14,14,4.955,3.01,4.099519789,0.571935328,0.14914772,0.102257177,0.004534186,10.20575288,170.2301587,130.1669527,129.5,0.816966606,0.051753913,0.01294222,0,0.004867401,0.012012294,0.040827839,0.060629727
61,2007,CLOUGH.AEE07,Arth,Pred,Field,Cereal,WCEurope,num.sp.per.trap,26.36868203,26.43722452,21,21,8.59641171,4.2353371,6.776295988,0.009924188,0.095239326,0.002596017,0.006283174,11.96141269,131.9840463,105.5029673,98.66666667,0.678165966,0.134993263,0.01179852,0,0.0019996,0.06072449,0.056827842,0.055490318
62,2007,CLOUGH.AEE07,Arth,Decomp,Field,Cereal,WCEurope,num.sp.per.trap,5.288914665,6.980633614,21,21,1.724230582,2.275745162,2.018909005,0.822127059,0.103686757,0.277526631,0.010122045,11.96141269,131.9840463,105.5029673,98.66666667,0.678165966,0.134993263,0.01179852,0,0.0019996,0.06072449,0.056827842,0.055490318
63,2007,CLOUGH.AEE07,Arth,Decomp,Field,Cereal,WCEurope,num.sp.per.trap,5.914254353,5.348747742,21,21,2.942994423,2.661592457,2.80582346,-0.197744684,0.095726882,-0.100502963,0.023582486,11.96141269,131.9840463,105.5029673,98.66666667,0.678165966,0.134993263,0.01179852,0,0.0019996,0.06072449,0.056827842,0.055490318
64,2007,CLOUGH.a07,Plants,Producer,Farm,Cereal,WCEurope,num.sp,17.61006289,33.4591195,21,21,6.052458465,10.08743078,8.318308518,1.869372574,0.138920018,0.641853886,0.009953255,11.96141269,131.9840463,105.5029673,98.66666667,0.678165966,0.134993263,0.01179852,0,0.0019996,0.06072449,0.056827842,0.055490318
65,2007,CLOUGH.a07,Plants,Producer,Farm,Cereal,WCEurope,num.sp,7.924528302,22.01257862,21,21,6.052458465,6.052458465,6.052458465,2.28373943,0.160431418,1.021651248,0.031377778,11.96141269,131.9840463,105.5029673,98.66666667,0.678165966,0.134993263,0.01179852,0,0.0019996,0.06072449,0.056827842,0.055490318
66,2007,CLOUGH.a07,Arth,Poll,Farm,Cereal,WCEurope,num.sp,1.424435437,4.891719745,21,21,2.921491511,3.499952138,3.223722818,1.055259413,0.109157751,1.233768377,0.224687912,11.96141269,131.9840463,105.5029673,98.66666667,0.678165966,0.134993263,0.01179852,0,0.0019996,0.06072449,0.056827842,0.055490318
67,2007,CLOUGH.a07,Arth,Poll,Farm,Cereal,WCEurope,num.sp,0.456282571,3.666473654,21,21,6.052458465,2.335070418,4.587199981,0.686610885,0.101131027,2.083873331,8.398013347,11.96141269,131.9840463,105.5029673,98.66666667,0.678165966,0.134993263,0.01179852,0,0.0019996,0.06072449,0.056827842,0.055490318
68,2007,CLOUGH.a07,Arth,Pred,Farm,Cereal,WCEurope,num.sp,22.17831636,23.20864067,21,21,8.805938835,10.08743078,9.468390003,0.106764111,0.095380577,0.045409581,0.016503001,11.96141269,131.9840463,105.5029673,98.66666667,0.678165966,0.134993263,0.01179852,0,0.0019996,0.06072449,0.056827842,0.055490318
69,2007,CLOUGH.a07,Arth,Pred,Farm,Cereal,WCEurope,num.sp,19.74300433,20.76747453,21,21,7.343871306,6.052458465,6.729216122,0.149369638,0.095516986,0.050588821,0.010633383,11.96141269,131.9840463,105.5029673,98.66666667,0.678165966,0.134993263,0.01179852,0,0.0019996,0.06072449,0.056827842,0.055490318
70,2007,CLOUGH.a07,Arth,Pred,Farm,Cereal,WCEurope,num.sp,19.62025316,17.72151899,21,21,8.701093092,5.800728728,7.394507244,-0.25193146,0.096031463,-0.101782694,0.014467285,11.96141269,131.9840463,105.5029673,98.66666667,0.678165966,0.134993263,0.01179852,0,0.0019996,0.06072449,0.056827842,0.055490318
71,2007,CLOUGH.a07,Arth,Pred,Farm,Cereal,WCEurope,num.sp,15.18987342,15.18987342,21,21,5.800728728,2.900364364,4.585878717,0,0.095238095,0,0.008680556,11.96141269,131.9840463,105.5029673,98.66666667,0.678165966,0.134993263,0.01179852,0,0.0019996,0.06072449,0.056827842,0.055490318
72,2007,CLOUGH.a07,Arth,Other,Farm,Cereal,WCEurope,num.sp,25.59573618,26.42078614,21,21,11.60145746,11.59657263,11.5990153,0.06978894,0.095298976,0.031725272,0.018956751,11.96141269,131.9840463,105.5029673,98.66666667,0.678165966,0.134993263,0.01179852,0,0.0019996,0.06072449,0.056827842,0.055490318
73,2007,CLOUGH.a07,Arth,Other,Farm,Cereal,WCEurope,num.sp,20.62624917,21.45129913,21,21,6.960874473,6.955989649,6.95843249,0.116331227,0.095407257,0.039220713,0.010430511,11.96141269,131.9840463,105.5029673,98.66666667,0.678165966,0.134993263,0.01179852,0,0.0019996,0.06072449,0.056827842,0.055490318
74,2007,FEBER07,Arth,Poll,Farm,Cereal,WCEurope,num.sp.per.km,8.593,11.202,10,10,3.054,2.426,2.757933284,0.906026472,0.222802332,0.265144415,0.017321502,10.42637874,160.28,124.5266103,130,0.803432685,0.026065947,0.083812045,0,0,0,0.017845148,0.068844176
75,2007,FEBER07,Arth,Poll,Farm,Cereal,WCEurope,num.sp.per.km,13.856,16.473,10,10,1.511,2.362,1.982695766,1.264148831,0.244390896,0.173004325,0.003245154,10.42637874,160.28,124.5266103,130,0.803432685,0.026065947,0.083812045,0,0,0,0.017845148,0.068844176
76,2007,GABRIEL07,Plants,Producer,Field,Cereal,WCEurope,num.sp,3.537735849,10.09433962,20,20,1.432075472,1.784528302,1.617927906,3.971957032,0.307584772,1.048487901,0.0097558,11.96141269,131.9840463,105.5029673,98.66666667,0.678165966,0.134993263,0.01179852,0,0.0019996,0.06072449,0.056827842,0.055490318
77,2007,GABRIEL07,Plants,Producer,Field,Cereal,WCEurope,num.sp,6.179245283,13.82075472,20,20,1.221132076,1.901132076,1.597727561,4.687714947,0.389140413,0.804975286,0.002898737,11.96141269,131.9840463,105.5029673,98.66666667,0.678165966,0.134993263,0.01179852,0,0.0019996,0.06072449,0.056827842,0.055490318
78,2007,HOLZSCHUH07,Plants,Producer,Field,Cereal,WCEurope,num.sp,5.597,12.862,21,21,6.93,6.52,6.72812381,1.059422319,0.109267791,0.832046488,0.08523885,11.96141269,131.9840463,105.5029673,98.66666667,0.678165966,0.134993263,0.01179852,0,0.0019996,0.06072449,0.056827842,0.055490318
79,2007,HOLZSCHUH07,Arth,Poll,Field,Cereal,WCEurope,num.sp,2.316,6.977,21,21,3.236,5.05,4.241119899,1.078266286,0.109771323,1.102777465,0.117912687,11.96141269,131.9840463,105.5029673,98.66666667,0.678165966,0.134993263,0.01179852,0,0.0019996,0.06072449,0.056827842,0.055490318
80,2007,MANHOUDT07,Plants,Producer,Farm,Cereal,WCEurope,num.sp,31.22,43.626,18,20,5.4,9.32,7.721013175,1.57307519,0.139924522,0.334594388,0.003944045,9.611533841,169.4166667,119.5803956,142.5,0.814177012,0.066279535,0.005606728,0,0,0.025430517,0.035642771,0.052863436
81,2007,MANHOUDT07,Plants,Producer,Farm,Cereal,WCEurope,num.sp,26.96,31.96,12,8,5,9.34,7.014466005,0.682693792,0.221279745,0.170130835,0.013541832,9.611533841,169.4166667,119.5803956,142.5,0.814177012,0.066279535,0.005606728,0,0,0.025430517,0.035642771,0.052863436
82,2007,OBERG07,Arth,Pred,Field,Cereal,NEurope,num.sp,10.436,6.873,3,5,20.06,17.36,18.3043055,-0.169264049,0.53572086,-0.417660675,2.507566976,10.20204041,207.75,164.2071461,187.5,0.831166233,0.060212042,0.080616123,0,0.005001,0,0,0.023004601
83,2007,ZALAZAR07,Arth,Pred,Field,Veg,SAmerica,num.sp,2.059,4.118,3,3,4.585,9.424,7.410600549,0.222276182,0.672842504,0.693147181,3.398621121,5.806968362,264.8125,241.6995983,170,0.848418102,0.057268723,0.051261514,0,0,0,0,0.043051662
84,2007,ZALAZAR07,Arth,Herbivores,Field,Veg,SAmerica,num.sp,4.706,9.265,3,3,9.425,18.594,14.74054716,0.247426365,0.674319142,0.677405569,2.679578647,5.806968362,264.8125,241.6995983,170,0.848418102,0.057268723,0.051261514,0,0,0,0,0.043051662
85,2008,BOUTIN08,Plants,Producer,Farm,Mixed,NAmerica,num.sp,8.014018692,16.51869159,8,8,3.700745771,3.700745771,3.700745771,2.172746291,0.418600945,0.723300219,0.032929455,8.777179334,183.3333333,60.08523358,183,0.65828845,0.18053062,0.099940156,0,0,0,0.012966288,0.048274486
86,2008,BOUTIN08,Plants,Producer,Farm,Mixed,NAmerica,num.sp,16.6,22.488,8,8,4.163444728,5.088340397,4.648950419,1.197439392,0.301209325,0.303579138,0.014262918,8.777179334,183.3333333,60.08523358,183,0.65828845,0.18053062,0.099940156,0,0,0,0.012966288,0.048274486
87,2008,EKROOS08,Arth,Poll,Plot,Cereal,NEurope,num.sp.per.transect,0.99,0.98,40,15,0.26,0.2,0.245579791,-0.040141006,0.091681868,-0.010152371,0.004500935,9.825546421,132.5416667,87.51595093,116,0.637858432,0.293964307,0.021455785,0,0,0,0.010026068,0.036695408
88,2008,EKROOS08,Arth,Poll,Plot,Cereal,NEurope,num.sp.per.transect,1.14,1.4,40,15,0.5,0.4,0.475632647,0.538868219,0.094406091,0.205443974,0.010251349,9.825546421,132.5416667,87.51595093,116,0.637858432,0.293964307,0.021455785,0,0,0,0.010026068,0.036695408
89,2008,LETORNEAU08,Arth,Herbivores,Farm,Veg,NAmerica,num.sp,15.389,22.539,9,10,3.264,3.932,3.632979526,1.879958502,0.315059463,0.381594174,0.00804186,4.809619238,344.8461538,212.2262339,303,0.898396794,0,0,0.064529058,0,0,0,0.037074148
90,2008,LETORNEAU08,Arth,Pred,Farm,Veg,NAmerica,num.sp,12.591,24.87,9,10,7.927,8.847,8.42658019,1.391928133,0.268095344,0.680679985,0.056695124,4.809619238,344.8461538,212.2262339,303,0.898396794,0,0,0.064529058,0,0,0,0.037074148
91,2008,LETORNEAU08,Arth,Pred,Farm,Veg,NAmerica,num.sp,8.394,12.435,9,10,4.197,5.407,4.875142912,0.791783907,0.229549986,0.392997912,0.046684714,4.809619238,344.8461538,212.2262339,303,0.898396794,0,0,0.064529058,0,0,0,0.037074148
92,2008,RUNDLOF08,Arth,Poll,Farm,Cereal,NEurope,num.sp,2.073033708,2.780898876,6,6,0.474760652,0.598611257,0.540246756,1.209473254,0.406474611,0.293761118,0.016464171,11.3931641,120.4545455,72.76100949,113.5,0.529682191,0.240855487,0.184489306,0,0,0,0.010793524,0.034179492
93,2008,RUNDLOF08,Arth,Poll,Farm,Cereal,NEurope,num.sp,0.733146067,2.587078652,6,6,0.309626512,0.49540242,0.413093291,4.142701954,1.191432307,1.26093963,0.035837987,7.604562738,218.2857143,185.8222653,209,0.91735041,0,0,0,0,0,0.058635181,0.024014409
94,2008,RUNDLOF08,Plants,Producer,Farm,Cereal,NEurope,num.sp.per.transect,1.413,2.675,12,12,0.525,0.825,0.691465834,1.762173484,0.237240653,0.638234277,0.019430567,9.49886342,169.3701299,129.2916374,161.25,0.7235163,0.120427743,0.092244653,0,0,0,0.034714353,0.029096951
95,2008,TYSER08,Plants,Producer,Field,Veg,WCEurope,num.sp,2.49,11.668,2,2,0.97,4.96,3.573688571,1.467551334,1.538426729,1.544567342,0.16623038,9.018036072,242.5,153.4421715,242.5,0.485971944,0.405811623,0.075150301,0,0,0,0,0.033066132
96,2008,TYSER08,Plants,Producer,Field,Cereal,WCEurope,num.sp,7.1,16.532,2,2,1.125,3.25,2.431884557,2.216270616,2.227963861,0.845203113,0.031876819,9.018036072,242.5,153.4421715,242.5,0.485971944,0.405811623,0.075150301,0,0,0,0,0.033066132
97,2008,VESELY08,Arth,Pred,Plot,Cereal,WCEurope,num.sp,27.3,24.5,2,2,9.165,4.116,7.104177679,-0.225219592,1.012680966,-0.108213585,0.070464041,4.802881729,324.8666667,240.4266644,307,0.975185111,0.001400841,0,0,0,0,0,0.023414048
98,2009,BOUTIN09,Arth,Herbivores,Farm,Mixed,NAmerica,num.sp.per.trap,8.368,8.842,10.5,10.5,4.211,3.648,3.939570091,0.115504989,0.19082728,0.055098188,0.040329164,8.777179334,183.3333333,60.08523358,183,0.65828845,0.18053062,0.099940156,0,0,0,0.012966288,0.048274486
99,2009,BOUTIN09,Arth,Herbivores,Farm,Mixed,NAmerica,num.sp.per.trap,9.474,10.263,10.5,10.5,5.142,5.401,5.273090413,0.143642521,0.191019169,0.07999399,0.054430948,8.777179334,183.3333333,60.08523358,183,0.65828845,0.18053062,0.099940156,0,0,0,0.012966288,0.048274486
100,2009,BOUTIN09,Arth,Pred,Farm,Mixed,NAmerica,num.sp.per.trap,13.737,15.236,10.5,10.5,6.259,8.623,7.534295256,0.19099862,0.191436203,0.103568126,0.050277392,8.777179334,183.3333333,60.08523358,183,0.65828845,0.18053062,0.099940156,0,0,0,0.012966288,0.048274486
101,2009,BOUTIN09,Arth,Pred,Farm,Mixed,NAmerica,num.sp.per.trap,20.605,20.684,10.5,10.5,9.015,12.841,11.09417654,0.006836019,0.19047742,0.00382669,0.054936623,8.777179334,183.3333333,60.08523358,183,0.65828845,0.18053062,0.099940156,0,0,0,0.012966288,0.048274486
102,2009,MACFADYEN.a09,Plants,Producer,Farm,Cereal,WCEurope,num.sp,110.9,128.3,10,10,19.734,9.104,15.3673936,1.084425191,0.232666055,0.145742377,0.003669924,14.60584234,123.7741935,87.1086332,117,0.767707083,0.055022009,0.023609444,0,0.007603041,0.054221689,0.043017207,0.048819528
103,2009,MACFADYEN.a09,Arth,Herbivores,Farm,Cereal,WCEurope,num.sp,57.7,71.4,10,10,11.441,9.709,10.61039966,1.23662889,0.242479195,0.213040696,0.00578073,14.60584234,123.7741935,87.1086332,117,0.767707083,0.055022009,0.023609444,0,0.007603041,0.054221689,0.043017207,0.048819528
104,2009,MACFADYEN.a09,Arth,Pred,Farm,Cereal,WCEurope,num.sp,33.2,41.1,10,10,6.069,8.425,7.342117746,1.030519728,0.229499192,0.213458246,0.007543629,14.60584234,123.7741935,87.1086332,117,0.767707083,0.055022009,0.023609444,0,0.007603041,0.054221689,0.043017207,0.048819528
105,2009,PELOSI09,Earthworms,Decomp,Plot,Cereal,WCEurope,num.sp.per.msq,1.575,1.587,2,2,2.422,2.462,2.442081899,0.002807909,1.000001971,0.007590169,2.385731039,6.598680264,208.8125,127.9245709,189.5,0.668066387,0.143171366,0.050589882,0,0,0.045190962,0,0.092981404
106,2009,SANCHEZMORENO09,Nematodes,Decomp,Plot,Mixed,NAmerica,num.sp,11.27,13.17,3,3,0.7967435,0.8660255,0.832105874,1.826690626,1.083766497,0.155797188,0.00310732,6.202480992,306.6,202.4576852,273,0.920168067,0.017006803,0.033013205,0,0.00260104,0,0.004001601,0.023209284
107,2009,ULBER09,Plants,Producer,Field,Cereal,WCEurope,num.sp,17.341,23.064,8,8,4.414,7.846,6.365654405,0.850004732,0.275803859,0.285199321,0.022564537,8.801760352,211.7272727,136.0462743,179.5,0.931786357,0.017803561,0,0,0,0,0,0.050410082
108,2010,Bruggissereetal.2010,Plants,Producer,Field,Orchard,WCEurope,num.sp,19.90103929,21.18809959,20,5,8.258844038,7.753200525,8.173153469,0.152282683,0.250504131,0.062667728,0.03539091,9.8,131.9,113.1067963,100.5,0.5276,0.2206,0.0134,0,0.0982,0.0562,0.0512,0.0328
109,2010,Bruggissereetal.2010,Arth,Herbivores,Field,Orchard,WCEurope,num.sp,5.606155779,5.00879397,20,5,1.601204456,1.685478375,1.616176485,-0.357429135,0.252777295,-0.112670079,0.026725774,9.8,131.9,113.1067963,100.5,0.5276,0.2206,0.0134,0,0.0982,0.0562,0.0512,0.0328
110,2010,Bruggissereetal.2010,Arth,Pred,Field,Orchard,WCEurope,num.sp,22.78292028,21.09250799,20,5,4.71933945,6.404817825,5.053014157,-0.323506794,0.252275144,-0.077093239,0.020586539,9.8,131.9,113.1067963,100.5,0.5276,0.2206,0.0134,0,0.0982,0.0562,0.0512,0.0328
111,2008,MartinezSanches2008,Plants,Producer,Farm,Orchard,CentralAmerica,num.tree.sp.Shannon.H,1.786,2.101,10,10,0.487,0.504,0.495572901,0.608770456,0.210294485,0.162434939,0.013189759,11.79764047,96.27272727,81.59083855,84.5,0.423515297,0.149370126,0.376324735,0,0,0,0,0.050789842
112,2008,MartinezSanches2008,Birds,Other,Farm,Orchard,CentralAmerica,,16.4,9.75,10,10,6.06,4.47,5.324683089,-1.196130169,0.239742427,-0.52001405,0.034672624,11.79764047,96.27272727,81.59083855,84.5,0.423515297,0.149370126,0.376324735,0,0,0,0,0.050789842
113,2010,Gabrieletal.2010,Plants,Producer,Farm,Cereal,WCEurope,num.sp,2.464285714,10.17857143,8,8,3.857142857,5.142857143,4.545686451,1.604489569,0.341942385,1.418382676,0.338149543,14.19716057,120.5625,91.61065493,104.5,0.771445711,0.059588082,0.024195161,0,0,0,0.081983603,0.062787443
114,2010,Gabrieletal.2010,Plants,Producer,Farm,Cereal,WCEurope,num.sp,2.357142857,11.03571429,8,8,2.571428571,5.142857143,4.065785563,2.018108107,0.395455726,1.543686535,0.175907093,14.19716057,120.5625,91.61065493,104.5,0.771445711,0.059588082,0.024195161,0,0,0,0.081983603,0.062787443
115,2010,Gabrieletal.2010,Plants,Producer,Farm,Cereal,WCEurope,num.sp,8.571428571,10.17857143,8,8,3.857142857,5.142857143,4.545686451,0.33426866,0.253990555,0.171850257,0.057223857,14.19716057,120.5625,91.61065493,104.5,0.771445711,0.059588082,0.024195161,0,0,0,0.081983603,0.062787443
116,2010,Gabrieletal.2010,Plants,Producer,Farm,Cereal,WCEurope,num.sp,8.464285714,9.214285714,8,8,3.857142857,3.857142857,3.857142857,0.183838384,0.25120702,0.084899444,0.04786111,14.19716057,120.5625,91.61065493,104.5,0.771445711,0.059588082,0.024195161,0,0,0,0.081983603,0.062787443
117,2010,Gabrieletal.2010,Plants,Producer,Farm,Grass,WCEurope,num.sp,3.642857143,6.428571429,8,8,2.571428571,3.857142857,3.277941116,0.803481863,0.273056539,0.567984038,0.107283737,14.19716057,120.5625,91.61065493,104.5,0.771445711,0.059588082,0.024195161,0,0,0,0.081983603,0.062787443
118,2010,Gabrieletal.2010,Plants,Producer,Farm,Grass,WCEurope,num.sp,5.357142857,6.75,8,8,5.142857143,5.142857143,5.142857143,0.256060606,0.25234168,0.231111721,0.187762358,14.19716057,120.5625,91.61065493,104.5,0.771445711,0.059588082,0.024195161,0,0,0,0.081983603,0.062787443
119,2010,Gabrieletal.2010,Plants,Producer,Farm,Grass,WCEurope,num.sp,9,10.17857143,8,8,3.857142857,3.857142857,3.857142857,0.288888889,0.2529806,0.123060093,0.040909322,14.19716057,120.5625,91.61065493,104.5,0.771445711,0.059588082,0.024195161,0,0,0,0.081983603,0.062787443
120,2010,Gabrieletal.2010,Plants,Producer,Farm,Grass,WCEurope,num.sp,9,9.107142857,8,8,5.142857143,5.142857143,5.142857143,0.01969697,0.250013856,0.011834458,0.080677918,14.19716057,120.5625,91.61065493,104.5,0.771445711,0.059588082,0.024195161,0,0,0,0.081983603,0.062787443
121,2010,Gabrieletal.2010,Birds,Other,Farm,Cereal,WCEurope,num.sp,7.2,5.031818182,8,8,2.545584412,2.661292795,2.604081349,-0.787194055,0.272131231,-0.35829964,0.050590959,14.19716057,120.5625,91.61065493,104.5,0.771445711,0.059588082,0.024195161,0,0,0,0.081983603,0.062787443
122,2010,Gabrieletal.2010,Birds,Other,Farm,Cereal,WCEurope,num.sp,7.527272727,5.236363636,8,8,2.892709559,2.661292795,2.779410723,-0.779284039,0.2716887,-0.362905494,0.050748136,14.19716057,120.5625,91.61065493,104.5,0.771445711,0.059588082,0.024195161,0,0,0,0.081983603,0.062787443
123,2010,Smithetal.2010,Birds,Other,Farm,Cereal,NEurope,num.sp,11.3417998,15.54694206,12,12,3.934562081,3.935289252,3.934925683,1.031820593,0.190863342,0.315368969,0.015368041,7.604562738,218.2857143,185.8222653,209,0.91735041,0,0,0,0,0,0.058635181,0.024014409
124,2010,Smithetal.2010,Birds,Other,Farm,Cereal,NEurope,num.sp,22.59758295,22.00780306,12,12,3.712938823,3.73583849,3.724406256,-0.152894882,0.167197959,-0.026445876,0.004651003,11.3931641,120.4545455,72.76100949,113.5,0.529682191,0.240855487,0.184489306,0,0,0,0.010793524,0.034179492
125,2010,Verbruggenetal.2010,Microbes,Decomp,Farm,Cereal,WCEurope,mean.arbuscular.mycorrhizal.fungal.richness,3.916408669,6.640866873,13,13,3.125555285,3.125555285,3.125555285,0.844145261,0.168691596,0.52806743,0.066032792,10.20575288,170.2301587,130.1669527,129.5,0.816966606,0.051753913,0.01294222,0,0.004867401,0.012012294,0.040827839,0.060629727
126,2011,VanderGastetal.,Microbes,Decomp,Farm,Mixed,WCEurope,mean.arbuscular.mycorrhizal.fungal.richness,18,23.15555556,9,9,6.992853495,10.54693215,8.948122087,0.548724399,0.231631549,0.251862975,0.039821058,11.85775549,157.6385484,126.2061229,135.625,0.766432527,0.05282254,0.053508283,0,0.00190076,0.027458203,0.03956226,0.058315427
127,2011,Winqvistet.al2011,Plants,Producer,Farm,Cereal,WCEurope,num.sp,6.3,14.5,100,51,19.8,14.07,18.08076678,0.45123393,0.030291105,0.833599016,0.117237649,8.977863717,193.3410999,160.711692,154.1,0.756474098,0.127844062,0.035803225,0,0.007239872,0.01491867,0.016902425,0.040817647
128,2011,Winqvistet.al2011,Arth,Pred,Farm,Cereal,WCEurope,num.sp,6.7,7.4,100,51,11.7,8.21,10.65704386,0.065353075,0.029622175,0.099372474,0.054629842,8.977863717,193.3410999,160.711692,154.1,0.756474098,0.127844062,0.035803225,0,0.007239872,0.01491867,0.016902425,0.040817647
129,2011,Winqvistet.al2011,Birds,Other,Farm,Cereal,WCEurope,num.breeding.birds,6,9,100,51,14.3,10.5,13.14784541,0.227023809,0.029780796,0.405465108,0.083491231,8.977863717,193.3410999,160.711692,154.1,0.756474098,0.127844062,0.035803225,0,0.007239872,0.01491867,0.016902425,0.040817647
130,2011,Jonassonetal.2011,Plants,Producer,Farm,Cereal,NEurope,num.sp,36.1,42.3,20,40,4.26,2.71,3.298966139,1.854969182,0.104663023,0.158494221,0.000798877,9.801960392,177.875,138.0136063,152.75,0.75605121,0.096619324,0.088017604,0,0.016403281,0,0,0.042908582
131,2011,Jonassonetal.2011,Arth,Poll,Farm,Cereal,NEurope,num.sp,8.4,10.3,20,40,1.16,1.55,1.433971456,1.307783824,0.089743953,0.203912189,0.001519661,9.801960392,177.875,138.0136063,152.75,0.75605121,0.096619324,0.088017604,0,0.016403281,0,0,0.042908582
132,2010,HOLZSCHUHetal2010,Plants,Producer,Farm,Cereal,WCEurope,num.sp,1.7,8.1,23,23,1.918332609,2.877498914,2.445403852,2.572289117,0.162145968,1.561235811,0.06085029,9.08723748,185.0526316,167.7645419,129,0.710016155,0.209006462,0,0,0,0.018982229,0.011308562,0.050686591
133,2010,HOLZSCHUHetal2010,Arth,Pred,Farm,Cereal,WCEurope,num.sp,0.688966854,1.35661817,23,23,1.20242306,1.20242306,1.20242306,0.545736261,0.090340932,0.67755708,0.166587488,9.08723748,185.0526316,167.7645419,129,0.710016155,0.209006462,0,0,0,0.018982229,0.011308562,0.050686591
134,2010,HOLZSCHUHetal2010,Arth,Poll,Farm,Cereal,WCEurope,num.sp,1.028133176,1.263682218,23,23,0.604712611,0.662493194,0.634261214,0.365009011,0.088470517,0.206285147,0.02699058,9.08723748,185.0526316,167.7645419,129,0.710016155,0.209006462,0,0,0,0.018982229,0.011308562,0.050686591
135,2010,Brittainetal.2010,Arth,Poll,Farm,Orchard,SEurope,num.sp,5.3,5.9,6,6,1.71,1.47,1.594521872,0.34734309,0.339365694,0.10724553,0.027695755,10.78705553,163.2916667,107.2536527,132,0.782860567,0,0.013184179,0,0,0.011985617,0.118457851,0.073511786
136,2010,AavikAndLiira2010,Plants,Producer,Field,Cereal,WCEurope,num.sp.per.4msq,6.304,7.864,29,13,1.335520872,1.759509022,1.475565247,1.037274387,0.124855062,0.22111103,0.005398458,8.2,203.9375,175.2162355,151.5,0.6526,0.183,0.0984,0,0.023,0,0.027,0.016
137,2010,AavikAndLiira2010,Plants,Producer,Field,Cereal,WCEurope,num.sp.per.4msq,7.632,7.752,29,13,1.550927465,1.672975792,1.588526865,0.074116373,0.111474501,0.01560094,0.005006678,8.2,203.9375,175.2162355,151.5,0.6526,0.183,0.0984,0,0.023,0,0.027,0.016
138,1995,Armstrong1995,Arth,Pred,Farm,Veg,WCEurope,num.sp,17,12,4.24,5.26,2,2,2,-2.24137931,0.760881873,-0.348306694,0.008545293,8.808808809,165.6315789,133.5653026,128,0.63003003,0.315915916,0.02042042,0,0,0,0,0.033633634
139,1997,Reddersen1997,Arth,Other,Farm,Cereal,NEurope,num.sp,20,25,17,17,1.41,1.41,1.41,3.462333166,0.304955667,0.223143551,0.000479483,10.15679023,161.2982456,120.5617555,138.3333333,0.686220181,0.094379399,0.091300827,0,0.013836227,0.019058885,0.051829732,0.043374748
140,2001,Menalledetal.2001,Plants,Producer,Plot,Mixed,NAmerica,num.sp.per.msq,2.36,6.24,6,6,0.293938769,0.514392846,0.418927201,8.549309881,3.987868305,0.972318563,0.003718045,7.198560288,214.0666667,191.3737804,205,0.642071586,0.134573085,0.019196161,0,0.073385323,0,0.080383923,0.050389922
141,1997,LokemoenAndBeiser,Birds,Other,Field,Mixed,NAmerica,num.sp.per.field,0.9,1.6,2,2,0.254558441,0.254558441,0.254558441,1.571348403,1.617283951,0.575364145,0.05265625,7.401480296,213.9047619,185.2835408,140,0.898579716,0.00380076,0,0.074214843,0,0,0,0.023404681
142,2010,Wortmanetal.2010,Plants,Producer,Plot,Mixed,NAmerica,num.sp,3.696252466,5.246304123,4,4,0.703259134,0.424908425,0.580999389,2.319918115,0.948501672,0.350204393,0.010689902,4.400880176,387.8333333,311.4522679,249,0.930986197,0,0.037807562,0.0110022,0.005001,0,0,0.015203041
143,2008,Pollnacetal,Plants,Producer,Field,Cereal,NAmerica,num.sp,0.516666667,1.983333333,6,6,0.263944439,0.711102431,0.53634566,2.524204549,0.651913764,1.345136288,0.064921399,4.197481511,405.7272727,278.1999608,369,0.892064761,0,0.040175895,0.051369179,0.002398561,0,0,0.013991605
144,2011,Boutinetal,Arth,Other,Farm,Mixed,NAmerica,num.sp,58.415,66.463,8,8,6.209,10.003,8.325013213,0.913994727,0.279835227,0.129072696,0.004243689,8.777179334,183.3333333,60.08523358,183,0.65828845,0.18053062,0.099940156,0,0,0,0.012966288,0.048274486
145,2011,Boutinetal,Arth,Other,Farm,Mixed,NAmerica,num.sp,38.659,41.22,8,8,6.899,6.899,6.899,0.350965226,0.254399164,0.064143969,0.007482497,8.777179334,183.3333333,60.08523358,183,0.65828845,0.18053062,0.099940156,0,0,0,0.012966288,0.048274486
146,2003,DORING03Duren,Plants,Producer,Field,Cereal,WCEurope,num.sp,8.937728938,16.94591508,7,13,4.433561008,3.696980831,3.957768637,1.9379132,0.324099875,0.639745283,0.038813417,6.804082449,227.1176471,195.3474092,133,0.772663598,0.004602762,0,0,0,0.132679608,0.05523314,0.034820893
147,2003,DORING03Duren,Arth,Pred,Field,Cereal,WCEurope,num.sp,13.57963875,18.27586207,7,13,4.682845975,2.660698169,3.468317359,1.296822315,0.266495445,0.297009656,0.018618511,6.804082449,227.1176471,195.3474092,133,0.772663598,0.004602762,0,0,0,0.132679608,0.05523314,0.034820893
148,2011,Fischeretal.a,Mammals,Other,Field,Cereal,WCEurope,num.sp,4.09,4,11,11,0.93,1.26,1.10736173,-0.078187891,0.181971015,-0.022250609,0.013720766,9.08723748,185.0526316,167.7645419,129,0.710016155,0.209006462,0,0,0,0.018982229,0.011308562,0.050686591
149,2011,Fischeretal.b,Birds,Other,Field,Cereal,WCEurope,num.sp,22.03,26.75,14,15,13.51,16.78,15.29308595,0.299982853,0.139761714,0.194129313,0.053095774,9.08723748,185.0526316,167.7645419,129,0.710016155,0.209006462,0,0,0,0.018982229,0.011308562,0.050686591
150,2011,Fischeretal.b,Birds,Other,Field,Cereal,WCEurope,num.sp,8.75,10.02,15,16,3.18,4.6,3.978275488,0.310905961,0.130833262,0.135529395,0.021977613,9.08723748,185.0526316,167.7645419,129,0.710016155,0.209006462,0,0,0,0.018982229,0.011308562,0.050686591
151,2011,Fischeretal.b,Birds,Other,Field,Cereal,WCEurope,num.sp,7.87,14.62,24,6,8.67,19.45,11.37101139,0.577571101,0.214290269,0.619332392,0.345548637,8.801760352,173.7272727,142.7235696,164.5,0.764552911,0.098019604,0,0,0,0.055611122,0.032006401,0.049809962
152,2011,Fischeretal.b,Birds,Other,Field,Cereal,WCEurope,num.sp,4.3,6.13,24,6,3.09,3.77,3.221971446,0.552624556,0.213786796,0.354579727,0.084555532,8.801760352,173.7272727,142.7235696,164.5,0.764552911,0.098019604,0,0,0,0.055611122,0.032006401,0.049809962
153,2002,Kremenetal.,Arth,Poll,Farm,Veg,NAmerica,num.sp,1.87,2.37,5,4,1.74,0.91,1.443938068,0.307800213,0.456767212,0.236951524,0.210016603,4.809619238,344.8461538,212.2262339,303,0.898396794,0,0,0.064529058,0,0,0,0.037074148
154,2011,Flohreetal.,Earthworms,Decomp,Field,Cereal,WCEurope,num.sp,4.195721925,3.249019608,12,12,1.163496374,1.131969401,1.147841134,-0.796327456,0.181078881,-0.255712125,0.0165236,9.08723748,185.0526316,167.7645419,129,0.710016155,0.209006462,0,0,0,0.018982229,0.011308562,0.050686591
155,2011,Flohreetal.,Plants,Producer,Field,Cereal,WCEurope,num.sp,0.384572363,9.03,12,12,0.535671505,1.76,1.300873545,6.416695515,1.10243897,3.156175675,0.164846958,9.08723748,185.0526316,167.7645419,129,0.710016155,0.209006462,0,0,0,0.018982229,0.011308562,0.050686591
156,2011,Krauss,Arth,Poll,Field,Cereal,WCEurope,num.sp,0.65,10.3,15,15,0.96,4.82,3.475197836,2.701771131,0.263682748,2.762926811,0.160019295,12.4024805,128.8965517,111.1708289,90,0.74774955,0.106021204,0.011602321,0,0,0.063612723,0.041008202,0.030006001
157,2011,Krauss,Arth,Poll,Field,Cereal,WCEurope,num.sp,0.053,6.14,15,15,5.06,3.21,4.237198367,1.397736422,0.168220246,4.752288108,607.6745641,12.4024805,128.8965517,111.1708289,90,0.74774955,0.106021204,0.011602321,0,0,0.063612723,0.041008202,0.030006001
158,2011,Krauss,Plants,Producer,Field,Cereal,WCEurope,num.sp,7.46,28.79,15,15,3.9,5.62,4.837065226,4.290517606,0.462057286,1.35047269,0.020760877,12.4024805,128.8965517,111.1708289,90,0.74774955,0.106021204,0.011602321,0,0,0.063612723,0.041008202,0.030006001
159,2011,Krauss,Plants,Producer,Field,Cereal,WCEurope,num.sp,3.31,18.64,15,15,3.21,4,3.62657552,4.112881586,0.4354011,1.72836162,0.065769308,12.4024805,128.8965517,111.1708289,90,0.74774955,0.106021204,0.011602321,0,0,0.063612723,0.041008202,0.030006001
160,2011,Ponceetal.,Arth,Other,Field,Cereal,SEurope,num.sp,42.3,45,28,28,4.29,4.9,4.605111291,0.578124048,0.07452327,0.061875404,0.000790803,8,189.5,146.294404,140.5,0.758,0.024,0,0,0,0.1198,0.071,0.0272
161,2011,Ponceetal.,Plants,Producer,Field,Cereal,SEurope,num.sp,3.4,9.4,28,28,1.8,4,3.101612484,1.907484929,0.105118375,1.016934258,0.016476937,8,189.5,146.294404,140.5,0.758,0.024,0,0,0,0.1198,0.071,0.0272
162,2011,PowerAndStout,Arth,Poll,Farm,Grass,WCEurope,num.sp.visiting.flowers,7.4,7.8,10,10,2.06,1.8,1.934373284,0.198047913,0.201089527,0.052643733,0.013074896,16.84717208,99.57894737,67.31315745,101,0.75892499,0.022663458,0.087043722,0,0,0,0.017047734,0.114320096
163,2011,PowerAndStout,Plants,Producer,Farm,Grass,WCEurope,num.sp,4.5,6.3,10,10,1.17,2.12,1.712206179,1.006855181,0.228159927,0.336472237,0.018083759,16.84717208,99.57894737,67.31315745,101,0.75892499,0.022663458,0.087043722,0,0,0,0.017047734,0.114320096
164,2011,Thomasetal.,Arth,Other,Farm,Unspec,NAmerica,num.sp,19.79,20.37,8.75,9.25,4.14,4.5,4.329364849,0.127589374,0.222902543,0.028886471,0.010277466,8.777179334,183.3333333,60.08523358,183,0.65828845,0.18053062,0.099940156,0,0,0,0.012966288,0.048274486
165,2011,Thomasetal.,Birds,Other,Farm,Unspec,NAmerica,num.sp,15.42,20.43,12,14,3.5,4.49,4.066280549,1.193176274,0.184421689,0.281339041,0.007743319,8.777179334,183.3333333,60.08523358,183,0.65828845,0.18053062,0.099940156,0,0,0,0.012966288,0.048274486
166,2011,JoseMariaetal.,Plants,Producer,Field,Cereal,SEurope,num.sp,9.46,12.18,15,15,2.11,2.11,2.11,1.254258998,0.161425577,0.252722879,0.005317274,20.4,84.47058824,75.44464274,66,0.8616,0.056,0,0,0,0,0.0268,0.0556
167,2011,JoseMariaetal.,Plants,Producer,Field,Cereal,SEurope,num.sp,6.18,9.82,15,15,1.41,1.41,1.41,2.511788384,0.245995492,0.463102851,0.004844758,20.4,84.47058824,75.44464274,66,0.8616,0.056,0,0,0,0,0.0268,0.0556
168,2011,Salonenetal.,Plants,Producer,Field,Cereal,NEurope,num.sp,12,21,523,72,4.7,4.5,4.676504727,1.922079186,0.018915933,0.559615788,0.000931068,7.197121152,196.1764706,217.0789705,157,0.666733307,0.2485006,0,0,0,0,0.051179528,0.033586565
169,2010,Hawes,Plants,Producer,Field,Mixed,WCEurope,num.sp,8.5,14.2,28,12,3.02,3.36,3.122230984,1.789347103,0.16117608,0.513175801,0.009174095,10.99560176,157.6086957,96.26749623,133,0.724710116,0.142542983,0.073170732,0.008596561,0.003998401,0,0.020391843,0.026589364
170,2010,Hawes,Plants,Producer,Field,Mixed,WCEurope,num.sp,16.4,21.7,28,12,3.28,2.67,3.115727084,1.667251928,0.155623,0.280030926,0.002690172,10.99560176,157.6086957,96.26749623,133,0.724710116,0.142542983,0.073170732,0.008596561,0.003998401,0,0.020391843,0.026589364
171,2008,Holzschuhetal.,Plants,Producer,Field,Cereal,WCEurope,num.sp.flowering.plants,5.4,12.6,21,21,3.67,3.67,3.67,1.924836769,0.141550553,0.84729786,0.026034979,11.96141269,131.9840463,105.5029673,98.66666667,0.678165966,0.134993263,0.01179852,0,0.0019996,0.06072449,0.056827842,0.055490318
172,2008,Holzschuhetal.,Plants,Producer,Field,Unspec,WCEurope,num.sp.flowering.plants,12.4,16.9,21,21,7.79,6.42,7.137944382,0.61853863,0.100020471,0.309617149,0.025665607,11.96141269,131.9840463,105.5029673,98.66666667,0.678165966,0.134993263,0.01179852,0,0.0019996,0.06072449,0.056827842,0.055490318
173,2008,Holzschuhetal.,Arth,Poll,Field,Unspec,WCEurope,num.sp,3.95,6.33,21,21,,,,,,,,11.96141269,131.9840463,105.5029673,98.66666667,0.678165966,0.134993263,0.01179852,0,0.0019996,0.06072449,0.056827842,0.055490318
174,2010,Crowder,Arth,Pred,Field,Veg,NAmerica,num.families,5.04,4.76,12,8,1.178,0.849,1.062233784,-0.252457621,0.210103746,-0.057158414,0.008529078,6.00240096,271.8125,219.2436145,211.5,0.870148059,0,0,0.053021209,0.006402561,0,0.008603441,0.06182473
175,2010,EkroosAEE,Plants,Producer,Field,Cereal,NEurope,num.sp,13.5,18.9,17,5,3.1,5.9,3.827531842,1.357254994,0.304877057,0.336472237,0.022591687,9.825546421,132.5416667,87.51595093,116,0.637858432,0.293964307,0.021455785,0,0,0,0.010026068,0.036695408
176,2010,EkroosAEE,Plants,Producer,Field,Mixed,NEurope,num.sp,12.2,22.8,16,10,2.8,1.9,2.500749888,4.104873986,0.513541467,0.625324584,0.00398657,9.825546421,132.5416667,87.51595093,116,0.637858432,0.293964307,0.021455785,0,0,0,0.010026068,0.036695408
177,2010,Ekroos,Arth,Pred,Field,Cereal,NEurope,num.sp,16.6,15.7,17,5,3.4,2.2,3.1962478,-0.270887252,0.260658027,-0.055741983,0.006394839,9.825546421,132.5416667,87.51595093,116,0.637858432,0.293964307,0.021455785,0,0,0,0.010026068,0.036695408
178,2010,Ekroos,Arth,Pred,Field,Mixed,NEurope,num.sp,17.9,20.4,16,10,3.4,3.97,3.624270616,0.668010998,0.171796639,0.130734188,0.006042145,9.825546421,132.5416667,87.51595093,116,0.637858432,0.293964307,0.021455785,0,0,0,0.010026068,0.036695408
179,2010,Danhardtetal.,Birds,Other,Farm,Mixed,NEurope,num.sp,1.91,2.22,6,6,0.3,0.28,0.290172363,0.986151278,0.38195805,0.150403954,0.006763029,7.604562738,218.2857143,185.8222653,209,0.91735041,0,0,0,0,0,0.058635181,0.024014409
180,2010,Danhardtetal.,Birds,Other,Farm,Mixed,NEurope,num.sp,2.12,2.06,6,6,0.29,0.29,0.29,-0.190981432,0.335157029,-0.028710106,0.006421709,11.3931641,120.4545455,72.76100949,113.5,0.529682191,0.240855487,0.184489306,0,0,0,0.010793524,0.034179492
181,2010,Rundlofetal.,Plants,Producer,Field,Mixed,NEurope,num.sp,21.9028,30.944,7,7,3.61,2.4,3.065297702,2.761265936,0.603405518,0.345564637,0.004740116,9.401880376,148,111.8200665,118,0.680936187,0.133026605,0.095419084,0,0.027805561,0,0,0.062812563
182,2010,Rundlofetal.,Plants,Producer,Field,Mixed,NEurope,num.sp,17.2416,25.8267,7,7,3.01,4.21,3.659521827,2.196219964,0.486688541,0.404083772,0.008149932,9.401880376,148,111.8200665,118,0.680936187,0.133026605,0.095419084,0,0.027805561,0,0,0.062812563
183,2010,Rundlofetal.,Plants,Producer,Field,Mixed,NEurope,num.sp,11.2,19.9,7,7,2.91,2.65,2.783037908,2.926543266,0.642574931,0.574805953,0.012177188,9.401880376,148,111.8200665,118,0.680936187,0.133026605,0.095419084,0,0.027805561,0,0,0.062812563
184,2009,Galvanetal,Microbes,Decomp,Field,Veg,WCEurope,num.phylotypes,2.1,2.65,5,5,1.68,3.13,2.51190167,0.197768169,0.402444516,0.232622295,0.407014596,8.598280344,196.2380952,153.646967,138,0.824035193,0.088982204,0,0,0.00819836,0,0.014197161,0.064587083
185,2009,Galvanetal,Microbes,Decomp,Field,Veg,WCEurope,num.phylotypes,2.4,2.6,5,5,2.01,1.12,1.627037185,0.111027064,0.400770438,0.080042708,0.177393676,12.40744447,145.0357143,117.2734955,108,0.812687613,0,0.033219932,0,0.006403842,0.010606364,0.072643586,0.064438663
186,2006,SmithAndGross,Plants,Producer,Plot,Cereal,NAmerica,num.sp,6.025,7.475,4,4,1.95,1.5,1.739612026,0.724799292,0.543777835,0.21564664,0.036254567,7.198560288,214.0666667,191.3737804,205,0.642071586,0.134573085,0.019196161,0,0.073385323,0,0.080383923,0.050389922